Workbook

Sheet Clientes
A1: ⚛ NÚCLEO CRÉDITO — BASE DE CLIENTES
A2: No centro da sua vida financeira.
A4: ID | B4: Nome Completo | C4: CPF | D4: Data Nasc. | E4: Idade | F4: Telefone | G4: Benefício INSS (R$) | H4: Margem Consignável (R$) | I4: Parcelas Ativas (R$) | J4: Margem Disponível (R$) | K4: Status | L4: Canal Origem | M4: Data Cadastro | N4: Observações
A5: C001 | B5: Maria Aparecida dos Santos | C5: 123.456.789-01 | D5: 21256 | E5: =DATEDIF(D5,TODAY(),"Y") -> 68 | F5: (89) 99801-1234 | G5: 1412 | H5: =G5*0.4 -> 564.8 | I5: 320 | J5: =H5-I5 -> 244.8 | K5: Ativo | L5: Panfletagem | M5: 46175 | N5: Aposentada por idade — INSS
A6: C002 | B6: José Raimundo Sousa Lima | C6: 234.567.890-12 | D6: 19200 | E6: =DATEDIF(D6,TODAY(),"Y") -> 73 | F6: (89) 99802-5678 | G6: 1754 | H6: =G6*0.4 -> 701.6 | I6: 580 | J6: =H6-I6 -> 121.6 | K6: Ativo | L6: Rádio | M6: 46178 | N6: Pensionista — viúvo — margem parcial
A7: C003 | B7: Antonia Ferreira Mendes | C7: 345.678.901-23 | D7: 24054 | E7: =DATEDIF(D7,TODAY(),"Y") -> 60 | F7: (89) 99803-9012 | G7: 2118 | H7: =G7*0.4 -> 847.2 | I7: 0 | J7: =H7-I7 -> 847.2 | K7: Lead Quente | L7: WhatsApp | M7: 46181 | N7: Servidora municipal — margem virgem
A8: C004 | B8: Francisco das Chagas Oliveira | C8: 456.789.012-34 | D8: 18018 | E8: =DATEDIF(D8,TODAY(),"Y") -> 77 | F8: (89) 99804-3456 | G8: 1320 | H8: =G8*0.4 -> 528 | I8: 528 | J8: =H8-I8 -> 0 | K8: Em análise | L8: Indicação | M8: 46183 | N8: Aposentado — margem esgotada — portabilidade
A9: C005 | B9: Raimunda Alves Costa | C9: 567.890.123-45 | D9: 22176 | E9: =DATEDIF(D9,TODAY(),"Y") -> 65 | F9: (89) 99805-7890 | G9: 1980 | H9: =G9*0.4 -> 792 | I9: 450 | J9: =H9-I9 -> 342 | K9: Ativo | L9: Google | M9: 46184 | N9: Pensionista — filha indicou após busca no Google
A10: TOTAIS / MÉDIAS | G10: =SUM(G5:G9) -> 8584 | H10: =SUM(H5:H9) -> 3433.6 | I10: =SUM(I5:I9) -> 1878 | J10: =SUM(J5:J9) -> 1555.6
A12: LEGENDA: | B12: Verde = Margem disponível > R$ 300 (OPORTUNIDADE) | F12: Vermelho = Sem margem disponível

Sheet Contratos
A1: ⚛ NÚCLEO CRÉDITO — CONTRATOS ATIVOS
A2: No centro da sua vida financeira.
A4: ID Contrato | B4: ID Cliente | C4: Nome Cliente | D4: Banco | E4: Valor Contratado (R$) | F4: Parcelas Total | G4: Parcelas Pagas | H4: Parcelas Restantes | I4: Valor Parcela (R$) | J4: Data Início | K4: Data Término | L4: Comissão Est. (R$)
A5: CT001 | B5: C001 | C5: Maria Aparecida dos Santos | D5: Banco BMG | E5: 4500 | F5: 36 | G5: 8 | H5: =F5-G5 -> 28 | I5: =IFERROR(E5/F5,0) -> 125 | J5: 45931 | K5: =IFERROR(EDATE(J5,F5),"") -> 47027 | L5: =E5*0.03 -> 135
A6: CT002 | B6: C001 | C6: Maria Aparecida dos Santos | D6: Banco Safra | E6: 3200 | F6: 24 | G6: 12 | H6: =F6-G6 -> 12 | I6: =IFERROR(E6/F6,0) -> 133.33333 | J6: 45689 | K6: =IFERROR(EDATE(J6,F6),"") -> 46419 | L6: =E6*0.03 -> 96
A7: CT003 | B7: C002 | C7: José Raimundo Sousa Lima | D7: Banco PAN | E7: 8000 | F7: 60 | G7: 6 | H7: =F7-G7 -> 54 | I7: =IFERROR(E7/F7,0) -> 133.33333 | J7: 46023 | K7: =IFERROR(EDATE(J7,F7),"") -> 47849 | L7: =E7*0.03 -> 240
A8: CT004 | B8: C003 | C8: Antonia Ferreira Mendes | D8: Banco BMG | E8: 0 | F8: 0 | G8: 0 | H8: =F8-G8 -> 0 | I8: =IFERROR(E8/F8,0) -> 0 | K8: =IFERROR(EDATE(J8,F8),"") -> 0 | L8: =E8*0.03 -> 0
A9: CT005 | B9: C005 | C9: Raimunda Alves Costa | D9: Caixa | E9: 6200 | F9: 48 | G9: 10 | H9: =F9-G9 -> 38 | I9: =IFERROR(E9/F9,0) -> 129.16667 | J9: 45901 | K9: =IFERROR(EDATE(J9,F9),"") -> 47362 | L9: =E9*0.03 -> 186
A10: TOTAIS | E10: =SUM(E5:E9) -> 21900 | L10: =SUM(L5:L9) -> 657

Sheet Leads
A1: ⚛ NÚCLEO CRÉDITO — PIPELINE DE LEADS
A2: No centro da sua vida financeira.
A4: ID Lead | B4: Nome | C4: Telefone | D4: Canal Origem | E4: Data Contato | F4: Benefício Informado (R$) | G4: Interesse | H4: Status | I4: Data Conversão | J4: Observações
A5: L001 | B5: João Batista Rocha | C5: (89)99811-1111 | D5: Panfletagem | E5: 46174 | F5: 1412 | G5: Consignado INSS | H5: Convertido | I5: 46175 | J5: Converteu em C001 no dia seguinte
A6: L002 | B6: Conceição Rodrigues | C6: (89)99822-2222 | D6: Rádio | E6: 46176 | F6: 1754 | G6: Consignado INSS | H6: Convertido | I6: 46178 | J6: Ouviu spot manhã — ligou no mesmo dia
A7: L003 | B7: Severino Gonçalves | C7: (89)99833-3333 | D7: WhatsApp | E7: 46179 | F7: 2118 | G7: Portabilidade | H7: Em negociação | J7: Tem contrato BMG a 2.2% — verificar portabilidade
A8: L004 | B8: Terezinha Moura | C8: (89)99844-4444 | D8: Indicação | E8: 46182 | F8: 1320 | G8: Consignado INSS | H8: Em negociação | J8: Indicada por C002 — margem a verificar
A9: L005 | B9: Benedito Souza | C9: (89)99855-5555 | D9: Instagram | E9: 46183 | F9: 1980 | G9: Cartão Consignado | H9: Novo | J9: Filho enviou mensagem perguntando sobre opções
A12: RESUMO DO PIPELINE | C12: Total de Leads | D12: =COUNTA(A5:A9) -> 5 | E12: Convertidos | F12: =COUNTIF(H5:H9,"Convertido") -> 2 | G12: Em Negociação | H12: =COUNTIF(H5:H9,"Em negociação") -> 2 | I12: Taxa Conversão | J12: =IFERROR(F12/D12,0) -> 0.4

Sheet Dashboard KPI
A1: ⚛ NÚCLEO CRÉDITO — DASHBOARD DE PERFORMANCE
A2: No centro da sua vida financeira. | (11) 95272-3015 | @nucleocredito
A4: TOTAL CLIENTES | B4: CONTRATOS ATIVOS | C4: CARTEIRA TOTAL (R$) | D4: COMISSÕES EST. (R$) | F4: LEADS TOTAL | G4: TAXA CONVERSÃO | H4: MARGEM DISPONÍVEL
A6: =COUNTA(Clientes!A5:A9) -> 5 | B6: =COUNTA(Contratos!A5:A9) -> 5 | C6: =SUM(Contratos!E5:E9) -> 21900 | D6: =SUM(Contratos!L5:L9) -> 657 | F6: =COUNTA(Leads!A5:A9) -> 5 | G6: =IFERROR(Leads!F12/Leads!D12,0) -> 0.4 | H6: =SUM(Clientes!J5:J9) -> 1555.6
A11: 🔔 ALERTAS DE OPORTUNIDADE — CLIENTES COM MARGEM DISPONÍVEL
A12: Cliente | B12: Benefício (R$) | C12: Margem Disponível (R$) | D12: Ação Recomendada
A13: =IF(Clientes!J5>300,Clientes!B5,"") | B13: =IF(Clientes!J5>300,Clientes!G5,"") | C13: =IF(Clientes!J5>300,Clientes!J5,"") | D13: =IF(Clientes!J5>300,"Novo contrato disponível","")
A14: =IF(Clientes!J6>300,Clientes!B6,"") | B14: =IF(Clientes!J6>300,Clientes!G6,"") | C14: =IF(Clientes!J6>300,Clientes!J6,"") | D14: =IF(Clientes!J6>300,"Novo contrato disponível","")
A15: =IF(Clientes!J7>300,Clientes!B7,"") -> Antonia Ferreira Mendes | B15: =IF(Clientes!J7>300,Clientes!G7,"") -> 2118 | C15: =IF(Clientes!J7>300,Clientes!J7,"") -> 847.2 | D15: =IF(Clientes!J7>300,"Margem virgem — prioridade máxima","") -> Margem virgem — prioridade máxima
A16: =IF(Clientes!J8>300,Clientes!B8,"") | B16: =IF(Clientes!J8>300,Clientes!G8,"") | C16: =IF(Clientes!J8>300,Clientes!J8,"") | D16: =IF(Clientes!J8>300,"Verificar portabilidade","")
A17: =IF(Clientes!J9>300,Clientes!B9,"") -> Raimunda Alves Costa | B17: =IF(Clientes!J9>300,Clientes!G9,"") -> 1980 | C17: =IF(Clientes!J9>300,Clientes!J9,"") -> 342 | D17: =IF(Clientes!J9>300,"Novo contrato disponível","") -> Novo contrato disponível
A20: 📊 PERFORMANCE POR CANAL DE AQUISIÇÃO
A21: Canal | B21: Leads Gerados | C21: Convertidos | D21: Taxa Conversão
A22: Panfletagem | B22: =COUNTIF(Leads!D5:D9,A22) -> 1 | C22: =SUMPRODUCT((Leads!D5:D9=A22)*(Leads!H5:H9="Convertido")) -> 1 | D22: =IFERROR(C22/B22,0) -> 1
A23: Rádio | B23: =COUNTIF(Leads!D5:D9,A23) -> 1 | C23: =SUMPRODUCT((Leads!D5:D9=A23)*(Leads!H5:H9="Convertido")) -> 1 | D23: =IFERROR(C23/B23,0) -> 1
A24: WhatsApp | B24: =COUNTIF(Leads!D5:D9,A24) -> 1 | C24: =SUMPRODUCT((Leads!D5:D9=A24)*(Leads!H5:H9="Convertido")) -> 0 | D24: =IFERROR(C24/B24,0) -> 0
A25: Indicação | B25: =COUNTIF(Leads!D5:D9,A25) -> 1 | C25: =SUMPRODUCT((Leads!D5:D9=A25)*(Leads!H5:H9="Convertido")) -> 0 | D25: =IFERROR(C25/B25,0) -> 0
A26: Instagram | B26: =COUNTIF(Leads!D5:D9,A26) -> 1 | C26: =SUMPRODUCT((Leads!D5:D9=A26)*(Leads!H5:H9="Convertido")) -> 0 | D26: =IFERROR(C26/B26,0) -> 0
A27: Google | B27: =COUNTIF(Leads!D5:D9,A27) -> 0 | C27: =SUMPRODUCT((Leads!D5:D9=A27)*(Leads!H5:H9="Convertido")) -> 0 | D27: =IFERROR(C27/B27,0) -> 0
A29: ⚛ Núcleo Crédito | No centro da sua vida financeira. | (11) 95272-3015 | Atualizado em: 11/06/2026
